variants,ClinVAR,ClinVar significance,ClinVar Condition,Cosmic,Cosmic incidence,Cosmic - primary tissue type,Cosmic -histology,gnomAD,gnomAD - Allele frequency,gnomAD - Allele Count,gnomAD- Allele Count,Hemi/homozygous gnomAD,ClinGen Paper Before call,ClinGen Paper FINAL call,same amino acid to disease info (from ClinVar/COSMIC/gnomAD),Additional comments,Wing Assay function calls,Post_expt_function calls,HEK pAKT/AKT data (Post et al),Yeast (Post et al),Yeast (Mighell et al),function_calls,Additional comments on function calls,Eclosion Assay
D268E,Yes,Likely Benign,Hereditary cancer-predisposing syndrome,Yes,3*,Thyroid,Carcinoma,Yes,137,201690,0.00067926,0,NA,NA,COSMIC - D268Y 2*,NA,Like WT,Benign,WT,WT,0.225343297,Benign,"Additionally ClinVar says it is likely benign. However, pLOF in Drosophila Eclosion",Partial LOF
I203V,Yes,VUS,Hereditary cancer-predisposing syndrome|PTEN hamartoma tumor syndrome,Yes,1*,Thyroid,Carcinoma,No,NA,NA,NA,NA,NA,NA,NA,NA,Like WT,Benign,WT,WT,0.449992047,Benign,WT in Drosophila eclosion as well,WT
I400V,Yes,VUS,PTEN hamartoma tumor syndrome,No,NA,NA,NA,No,NA,NA,NA,NA,NA,NA,NA,NA,Like WT,Benign,WT,WT,-0.338630074,Benign,pLOF in Drosophila eclosion,Partial LOF
N117S,Yes,VUS,Hereditary cancer-predisposing syndrome|not provided|PTEN hamartoma tumor syndrome,Yes,1*,Lung,Carcinoma,Yes,2,251270,7.96E-06,0,NA,NA,ClinVar - N117H - VUS N117H in gnomAD,NA,Like WT,Benign,WT,WT,0.240901288,Benign,GOF in Drosophila eclosion,GOF
N262S,No,NA,NA,No,NA,NA,NA,Yes,1,251402,3.98E-06,0,NA,NA,COSMIC - N262I 1*,NA,Like WT,Benign,WT,WT,-0.208004646,Benign,pLOF in Drosophila eclosion,Partial LOF
Q298E,Yes,VUS,"Hereditary cancer-predisposing syndrome|not specified|not provided|PTEN hamartoma tumor syndrome|Cutaneous malignant melanoma 1|Cowden syndrome 1|Meningioma, familial|VACTERL association with hydrocephalus|Follicular thyroid carcinoma|Bannayan-Riley-Ruvalcaba syndrome|Malignant tumor of prostate|Endometrial carcinoma|Glioma susceptibility 2|Macrocephaly/autism syndrome|Squamous cell carcinoma of the head and neck|Cowden syndrome 1",No,NA,NA,NA,Yes,5,282198,1.77E-05,0,NA- Refer to additional comments,NA- Refer to additional comments,NA,Clingen paper has a Q298X  which they classified as pathogenic,Like WT,Benign,WT,WT,0.305203537,Benign,"Classified it as benign because it is WT in 3 assays. However, it is GOF in Drosophila Eclosion",GOF
T78A,No,NA,NA,Yes,1*,Brain,Glioma,No,NA,NA,NA,NA,NA,NA,ClinVar - T78I-VUS COSMIC T78N 1* gnomAD-T78N,NA,Like WT,Benign,WT,WT,0.174071076,Benign,WT in Drosophila eclosion ,WT
Y346F,No,NA,NA,No,NA,NA,NA,No,NA,NA,NA,NA,NA,NA,ClinVar - Y346D-VUS COSMIC Y346C/H 1* Y346D 2*,,LIke WT,Benign,WT,WT,0.221052799,Benign,WT in Drosophila eclosion as well,WT
F279L,No,NA,NA,No,NA,NA,NA,No,NA,NA,NA,NA,NA,NA,COSMIC - F241S 1*,NA,Like WT,VUS,WT,WT,-1.038028643,Benign,"Classified it as benign because it is WT in 3 assays. However, it is pLOF in Drosophila Eclosion",Partial LOF
K330E,Yes,VUS,Hereditary cancer-predisposing syndrome,No,NA,NA,NA,No,NA,NA,NN,NA,NA,NA,COSMIC - K330I/N 1*,NA,GOF,VUS,WT,WT,-0.094749104,Benign,pLOF in Drosophila eclosion,Partial LOF
N228S,Yes,VUS,not provided|Hereditary cancer-predisposing syndrome|PTEN hamartoma tumor syndrome,No,NA,NA,NA,No,1,251464,3.98E-06,0,NA,NA,NA,NA,Like WT,VUS,WT,WT,-0.382340099,Benign,pLOF in Drosophila eclosion,Partial LOF
T363N,No,NA,NA,No,NA,NA,NA,Yes,1,241778,4.14E-06,0,NA,NA,ClinVar - T363A/I-VUS,NA,LIke WT,VUS,WT,WT,-0.564738866,Benign,pLOF in Drosophila eclosion,Partial LOF
E256K,No,NA,NA,Yes,1*,CNS and Brain,Carcinoma and Glioma,No,NA,NA,NA,NA,NA,NA,ClinVar - E157G-Conflicting Interpretations of pathogenicity COSMIC - E256G/Q 1*,NA,GOF,VUS,WT,WT,-1.087982227,Benign,"Classified it as benign because it is WT in 3 assays. However, it is GOF in Drosophila Eclosion",GOF
R173H,Yes,Pathogenic,PTEN hamartoma tumor syndrome|not provided|Neoplasm of brain,Yes,70*,All tissue types,Carcinoma and Glioma,Yes,2,251148,7.96E-06,0,NA- Refer to additional comments,NA- Refer to additional comments,ClinVar - R173P/C-Pathogenic R173L-Likely pathogenic R173S-VUS COSMIC - R173C 80*  R173L/P/S 1*,This variant is present in gnomAD but clinVar says it is pathogenic. Clingen paper describes R173C as pathogenic,Like WT,Likely Pathogenic,LOF,Partial LOF,-1.338165727,,ClinVar says pathogenic plus all the 3 assays range from LOF to partial LOF,Partial LOF
D107V,Yes,Pathogenic,PTEN hamartoma tumor syndrome|not provided,Yes,2*,Endometrium,Carcinoma,No,NA,NA,NA,NA,NA,NA,ClinVar - D107Y-conflicting interpretations of pathogenicity COSMIC - D107A/E 1* D107H/N 2* D107Y 8*,NA,LOF,Pathogenic,Dominant Negative,LOF,-2.85186154,Pathogenic,ClinVar says pathogenic plus all the 3 assays range from DN to LOF,LOF
G129E,Yes,Pathogenic,Hereditary cancer-predisposing syndrome|not provided|Cowden syndrome 1|PTEN hamartoma tumor syndrome,Yes,14*,"Breast, lung, cervix, CNS, liver and endometrium",Carcinoma and Malignant melanoma,No,NA,NA,NA,NA,NA,NA,ClinVar - G129R-Pathogenic G129V-Pathogenic/VUS COSMIC - G129A 2* G129R 22* G129V 5*,NA,LOF,Pathogenic,Dominant negative,below null,-5.409763516,biochemical,ClinVar says pathogenic plus all the 3 assays range from DN to LOF,below null
G129R,Yes,Pathogenic,Inborn genetic diseases|Hereditary cancer-predisposing syndrome|not provided|PTEN hamartoma tumor syndrome,Yes,22*,"Breast, Thyroid, eye, CNS, endometrium and soft tissue","Carcinoma, Gastrointestinal stromal tumour, glioma and Malignant melanoma",No,NA,NA,NA,NA,NA,NA,ClinVar - G129E-Pathogenic G129V-Pathogenic/VUS COSMIC - G129A 2* G129E 14* G129V 5*,NA,LOF,Pathogenic,Dominant Negative,LOF,-1.477588499,Pathogenic,"ClinVar says pathogenic plus all the 3 assays range from DN, LOF to pLOF",LOF
G44D,Yes,Pathogenic,PTEN hamartoma tumor syndrome|not provided,Yes,7*,"CNS, endometrium, vulva, large intestine and thyroid","Carcinoma, In situ neoplasm and Glioma",No,NA,NA,NA,NA,NA- Refer to additional comments,NA- Refer to additional comments,ClinVar - G44S - VUS,Clingen paper has a G44= synonymous mutation whih they classified as likely benign,LOF,Pathogenic,LOF,LOF,-3.08033146,Pathogenic,ClinVar says pathogenic plus all the 3 assays show LOF,LOF
H123Y,Yes,Pathogenic,not provided|PTEN hamartoma tumor syndrome,Yes,12*,"Endometrium, breast, lung, CNS, ovary and upper aerodigestive tract",Carcinoma and Glioma,No,NA,NA,NA,NA,NA,NA,ClinVar - H123D/q-Pathogenic H123R-Likely pathogenic COSMIC - H123D/L/N 1* H123R 4 * ,NA,LOF,Pathogenic,Dominant Negative,LOF,-4.544401444,Pathogenic,ClinVar says pathogenic plus all the 3 assays range from DN to LOF,LOF
M134T,Yes,Pathogenic,Hereditary cancer-predisposing syndrome|PTEN hamartoma tumor syndrome,Yes,1*,Large intestine,Carcinoma,No,NA,NA,NA,NA,NA,NA,ClinVar - M134R-Pathogenic M134I-Likely pathogenic/conflicting interpretations of pathogenicity COSMIC - M134L/R 2* M134I 12*,,LOF,Pathogenic,Dominant Negative,LOF,-1.474679661,Pathogenic,"ClinVar says pathogenic plus all the 3 assays range from DN, LOF to pLOF",below null
P246L,Yes,Pathogenic,not provided|PTEN hamartoma tumor syndrome|Hereditary cancer-predisposing syndrome|Cowden syndrome 1,Yes,18*,"Haematopoietic and lymphoid,Skin
Endometrium, CNS,
Upper aerodigestive tract, Endometrium
Large intestine, Skin
and Lung","Carcinoma,Glioma, Malignant melanoma and Lymphoid neoplasm",No,NA,NA,NA,NA,Likely Pathogenic,Pathogenic,ClinVar - P246T-VUS COSMIC - P246R 2* P246S 2*,NA,Partial LOF,Pathogenic,Partial LOF,Partial LOF,-1.62165261,Pathogenic,"ClinVar says pathogenic plus all the 3 assays show partial LOF, plus Clingen paper says pathogenic",Partial LOF
R130L,Yes,Pathogenic,"Uterine cervical neoplasms|Adenocarcinoma of prostate|Squamous cell carcinoma of the head and neck|Breast neoplasm|Renal cell carcinoma, papillary, 1|Squamous cell lung carcinoma|Malignant neoplasm of body of uterus|Neoplasm of the large intestine|PTEN hamartoma tumor syndrome|Endometrial carcinoma|Small cell lung cancer|Malignant tumor of floor of mouth|Adenocarcinoma of stomach|Malignant melanoma of skin|Uterine Carcinosarcoma|Ovarian Neoplasms|Glioblastoma",Yes,31*,All tissue types,"Carcinoma, Gastrointestinal stromal tumour, glioma and Malignant melanoma",No,NA,NA,NA,No,NA- Refer to additional comments,NA- Refer to additional comments,ClinVar - R130G/P/Q-Pathogenic COSMIC - R130G 223* R130P 18* R130Q 248* R130S 1* R130X 1*,Clingen paper has a R130Q  which they classified as pathogenic,LIke WT,Pathogenic,dominant negative,below null,-3.098140476,Pathogenic,ClinVar says pathogenic plus all the range from DN to LOF,Partila LOF
R130Q,Yes,Pathogenic,"Renal cell carcinoma, papillary, 1|Breast neoplasm|Hereditary cancer-predisposing syndrome|Squamous cell carcinoma of the head and neck|Uterine cervical neoplasms|Adenocarcinoma of prostate|Malignant neoplasm of body of uterus|Adenocarcinoma of stomach|Neoplasm|Cowden syndrome 1|PTEN hamartoma tumor syndrome|Small cell lung cancer|Squamous cell lung carcinoma|Uterine Carcinosarcoma|Ovarian Neoplasms|Neoplasm of the large intestine|Glioblastoma|not provided|Malignant melanoma of skin",Yes,248*,All tissue types,Carcinoma and Glioma,No,NA,NA,NA,No,Pathogenic,Pathogenic,ClinVar - R130G/L/P-Pathogenic COSMIC - R130G 223* R130L 31* R130P 18*  R130S 1* R130X 1*,NA,LOF,Pathogenic,Dominant Negative,LOF,-2.04016411,Pathogenic,"ClinVar says pathogenic plus all the 3 assays range from DN, LOF to pLOF. Clingen paper says pathogenic",LOF
R15S,Yes,Pathogenic,not provided|Hereditary cancer-predisposing syndrome,Yes,4*,"CNS, Large intestine,and thyroid",Carcinoma and Glioma,No,NA,NA,NA,No,NA,NA,ClinVar - R15T-VUS R15K-Likely pathogenic COSMIC - R15G 3* R15I/K 7* R15S 4* R15T 1*,NA,LOF,Pathogenic,Dominant Negative,Partial LOF,-2.581100784,Pathogenic,"ClinVar says pathogenic plus all the 3 assays range from DN, LOF to pLOF",LOF
R173P,Yes,Pathogenic,Hereditary cancer-predisposing syndrome|PTEN hamartoma tumor syndrome,Yes,1*,Upper aerodigestive tract,Carcinoma,No,NA,NA,NA,NA,NA- Refer to additional comments,NA- Refer to additional comments,ClinVar - R173H/C-Pathogenic R173L-Likely pathogenic R173S-VUS COSMIC - R173C 80* R173H 70* R173L/S 1*,Clingen paper categorizes R173C as pathogenic,LOF,Pathogenic,Dominant Negative,LOF,-3.975385795,Pathogenic,ClinVar says pathogenic plus all the 3 assays range from DN to LOF,below null
R47K,Yes,Pathogenic,not provided,Yes,3*,Brain,Carcinoma and Glioma,No,NA,NA,NA,NA,NA,NA,ClinVar - R47K/G-Pathogenic COSMIC - R47G 3* R47M/S2* ,NA,LOF,Pathogenic,LOF,LOF,-1.357001423,Pathogenic,ClinVar says pathogenic plus all the 3 assays show LOF/pLOF,LOF
T131I,Yes,Pathogenic,PTEN hamartoma tumor syndrome|Macrocephaly/autism syndrome,Yes,3*,Not Provided,Carcinoma and Lymphoid neoplasm,No,NA,NA,NA,NA,NA,NA,ClinVar - T131S-VUS COSMIC T131A/P 1* T131N 5*,NA,LOF,Pathogenic,dominant negative,LOF,-1.91132903,Pathogenic,"ClinVar says pathogenic plus all the 3 assays range from DN, LOF to pLOF",LOF
Y68H,Yes,Pathogenic,Cowden syndrome 1|Hereditary cancer-predisposing syndrome|PTEN hamartoma tumor syndrome|not provided,Yes,22*,All tissue types,"Carcinoma, Liposarcoma and Glioma",No,NA,NA,NA,NA,NA,NA,ClinVar - Y68S/N-VUS Y68S-Likely Pathogenic COSMIC - Y68C 7* Y68D 1* Y68N 4*,,LOF,Pathogenic,LOF,LOF,-3.363412755,Pathogenic,ClinVar says pathogenic plus all the 3 assays show LOF,LOF
H123Q,Yes,Pathogenic,PTEN hamartoma tumor syndrome,No,NA,NA,NA,No,NA,NA,NA,NA,NA,NA,ClinVar - H123D/Y-Pathogenic H123R-Likely pathogenic COSMIC - H123D/L/N 1* H123R 4 * H123Y 12*,NA,LOF,VUS,Dominant Negative,LOF,-1.32074253,Pathogenic,"ClinVar says pathogenic plus all the 3 assays range from DN, LOF to pLOF",LOF
I135T,No,NA,NA,No,NA,NA,NA,No,NA,NA,NA,NA,NA,NA,ClinVar - I135V-Pathogenic I135K-Likely pathogenic COSMIC I135K 7* I135M/R 1* I135V 9*,NA,LOF,Benign,Partial LOF,Partial LOF,-0.828195167,,pLOF in Drosophila eclosion,Partial LOF
K342N,Yes,VUS,not provided,Yes,4*,"Haematopoietic and lymphoid, Breast, liver and endometrium",Carcinoma and Lymphoid neoplasm,No,NA,NA,NN,NA,NA,NA,ClinVar - K342T-VUS ,NA,Like WT,Benign,WT,WT,-1.908295205,,pLOF in Drosophila eclosion,Partial LOF
K402N,Yes,VUS,not provided,No,NA,NA,NA,No,NA,NA,NA,NA,NA,NA,ClinVar - K402E-VUS,NA,LOF,Benign,WT,Partial LOF,-1.264703239,,Not done in Drosophila,
L345V,Yes,VUS,Hereditary cancer-predisposing syndrome,No,NA,NA,NA,No,NA,NA,NA,NA,NA,NA,ClinVar - L345R-Pathogenic L345P-conflicting interpretations of pathogenicity COSMIC L345M/P/Q 1*,,LOF,Benign,WT,Partial LOF,-0.285257371,,pLOF in Drosophila eclosion,Partial LOF
P354Q,Yes,VUS,PTEN hamartoma tumor syndrome|not provided|not specified|Inborn genetic diseases|Cowden syndrome 1|Hereditary cancer-predisposing syndrome,No,NA,NA,NA,Yes,21,276260,7.60E-05,0,NA,NA,ClinVar - P354L-VUS COSMIC - P354L 1* gnomAD - P354L/R,NA,Like WT,Benign,GOF,WT,0.091060946,,WT in Drosophila eclosion ,WT
P357S,No,NA,NA,Yes,2*,Lung,Carcinoma,No,NA,NA,NA,NA,NA,NA,ClinVar - P357T/A -VUS COSMIC - P357L 2* P357Q 1* gnomAD - P357T,NA,Like WT,Benign,WT,WT,-1.637732474,,pLOF in Drosophila eclosion,Partial LOF
T202I,Yes,Pathogenic,PTEN hamartoma tumor syndrome,Yes,1*,Endometrium and Biliary tract,Carcinoma,No,NA,NA,NA,NA,NA,NA,ClinVar - T202A/S-VUS,NA,Like WT,Benign,,WT,0.104464019,,pLOF in Drosophila eclosion and no HEK cell data plus ClinVar says pathogenic,Partial LOF
Y180H,Yes,VUS,not provided|Hereditary cancer-predisposing syndrome|PTEN hamartoma tumor syndrome,No,NA,NA,NA,Yes,1,251234,3.98E-06,0,NA,NA,ClinVar - Y180S/F-VUS,NA,LOF,Benign,Partial LOF,WT,0.336044756,,WT in Drosophila eclosion ,WT
D107G,No,NA,NA,No,NA,NA,NA,No,NA,NA,NA,NA,NA,NA,ClinVar - D107V-Pathogenic D107Y-conflicting interpretations of pathogenicity COSMIC - D107A/E 1* D107H/N/V 2* D107Y 8*,NA,LOF,Likely Pathogenic,Partial LOF,Partial LOF,0.115538665,,,Partial LOF
F279I,No,NA,NA,No,NA,NA,NA,No,NA,NA,NA,NA,NA,NA,COSMIC - F241S 1*,NA,LIke WT,Likely Pathogenic,WT,LOF,-0.138644878,,,WT
H93Q,No,NA,NA,Yes,5*,"Endometrium, thryoid and CNS",Carcinoma and Glioma,No,NA,NA,NA,NA,NA,NA,ClinVar - H93Y/N-Likely pathogenic H93D/P-VUS H93R-Pathogenic COSMIC H93D/L/P 1* H93R 25* H93Y 10*,NA,LOF,Likely Pathogenic,Dominant Negative,Partial LOF,-0.091201798,,,LOF
H93Y,Yes,Likely Pathogenic,PTEN hamartoma tumor syndrome,Yes,10*,"Endometrium, Skin, CNS and kidney","Carcinoma, Primitive neuroectodermal tumour-medulloblastoma, glioma and Malignant melanoma",No,NA,NA,NA,NA,NA,NA,ClinVar - H93N-Likely pathogenic H93D/P-VUS H93R-Pathogenic COSMIC H93D/L/P 1* H93R 25* H93Q 5*,NA,LOF,Likely Pathogenic,Dominant Negative,WT,-2.460059762,,,LOF
N12T,Yes,Pathogenic,PTEN hamartoma tumor syndrome,No,NA,NA,NA,No,NA,NA,NA,NA,NA,NA,NA,NA,LOF,Likely Pathogenic,Partial LOF,Partial LOF,-0.321149974,,,LOF
Y138L,No,NA,NA,No,NA,NA,NA,No,NA,NA,NA,NA,NA,NA,ClinVar- Y138H/C-VUS COSMIC Y138C 2* Y138D 4* Y138S 1*,NA,Partial LOF,Likely Pathogenic,LOF,Partial LOF,-0.304426787,biochemical,,Partial LOF
A121E,No,NA,NA,Yes,2*,Upper aerodigestive tract,Carcinoma,No,NA,NA,NA,NA,NA,NA,"Clinvar - A12G-pathogenic, Cosmic - A121T 4*, A121P 3*",NA,LOF,Pathogenic,LOF,LOF,-1.670612264,,,LOF
A121P,No,NA,NA,Yes,3*,"Breast, CNS",Carcinoma and Glioma,No,NA,NA,NA,NA,NA,NA,"Clinvar - A12G-pathogenic, Cosmic - A121T 4*, A121E 2*",NA,Like WT,Pathogenic,Partial LOF,Partial LOF,-1.981649721,,,Partial LOF
A126D,No,NA,NA,Yes,6*,Breast,Carcinoma,No,NA,NA,NA,NA,NA,NA,"ClinVar- A126S-VUS , A126V/T- Conflicting interpretation COSMIC - A126G 3* A126P 3* A126S 13* A126T 23* A126V 8*",NA,LOF,Pathogenic,Dominant Negative,LOF,-1.027466629,,,LOF
A126P,No,NA,NA,Yes,3*,"Endometrium, Skin, CNS",Carcinoma and Glioma,No,NA,NA,NA,NA,NA,NA,"ClinVar - A126S-VUS , A126V/T- Conflicting interpretation COSMIC - A126G 3* A126D 6* A126S 13* A126T 23* A126V 8*",NA,Partial LOF,Pathogenic,Dominant Negative,LOF,-2.314319604,,,LOF
A151P,No,NA,NA,No,NA,NA,NA,No,NA,NA,NA,NA,NA,NA,COSMIC - A151T 3* A151G 1* A151T 6*,NA,LOF,Pathogenic,LOF,Partial LOF,-3.220356889,,,Partial LOF
A34D,No,NA,NA,Yes,1*,Endometrium,Carcinoma,No,NA,NA,NA,NA,NA,NA,ClinVar - A34P/V-VUS COSMIC - A34G/S 1* A34T/V 2*,NA,LOF,Pathogenic,LOF,LOF,-3.842006373,,,LOF
A34P,Yes,VUS,Hereditary cancer-predisposing syndrome,No,NA,NA,NA,No,NA,NA,NA,NA,NA,NA, COSMIC - A34G/S/D 1* A34T/V 2*,NA,LOF,Pathogenic,dominant negative,LOF,-3.024769051,,,below null
C124R,Yes,Pathogenic,Cowden syndrome 1|Hereditary cancer-predisposing syndrome|PTEN hamartoma tumor syndrome|not provided,Yes,2*,Endometrium,Carcinoma and Malignant melanoma,No,NA,NA,NA,NA,NA,NA,ClinVar - C124S/G/Y-Likely pathogenic COSMIC - C124F/G 2* C124S 25* C124Y 5 *,NA,LOF,Pathogenic,Dominant Negative,LOF,-4.451413313,,,LOF
C124S,Yes,Likely Pathogenic,Hereditary cancer-predisposing syndrome|Cowden syndrome 1,Yes,25*,"Endometrium, breast, CNS, prostrate, thyroid and stoamch",Carcinoma and Glioma,No,NA,NA,NA,NA,NA,NA,ClinVar - C124R-pathogenic C124G/Y-Likely pathogenic COSMIC - C124F/G 2* C124S 25* C124Y 5 *,NA,LOF,Pathogenic,dominant negative,LOF,-4.895642909,biochemical,,LOF
C124S-4A,NA,NA,NA,NA,NA,NA,NA,No,NA,NA,NA,NA,NA,NA,NA,NA,LOF,Pathogenic,Dominant Negative,below null,NA,,,LOF
D22E,No,NA,NA,Yes,1*,CNS,Carcinoma,No,NA,NA,NA,NA,NA,NA,ClinVar - D22Y/H/G-VUS COSMIC - D22G/Y 1*,NA,LOF,Pathogenic,LOF,Partial LOF,-1.454357105,,,LOF
D252G,No,NA,NA,Yes,6*,"CNS, Salivary gland and Haematopoietic and lymphoid","Carcinoma,Glioma and Lymphoid neoplasm",No,NA,NA,NA,NA,NA,NA,ClinVar - D252V-VUS COSMIC - D252E 1* D252N 2* D252V 3* D252Y 7*,NA,LOF,Pathogenic,Dominant Negative,Partial LOF,-2.091414016,,,Partial LOF
D326N,No,NA,NA,No,NA,NA,NA,No,NA,NA,NA,NA,NA,NA,ClinVar - D326G - VUS COSMIC D326E/H 2* D326G/Y 3* D326V 1*,NA,LOF,Pathogenic,LOF,Partial LOF,-0.929151061,,,LOF
D92N,No,NA,NA,Yes,7*,"CNS, Large intestine, breast and soft tissue","Carcinoma, Liposarcoma and Glioma",No,NA,NA,NA,NA,NA,NA,ClinVar - D92Y-VUS D92G/A-Likely Pathogenic COSMIC - D92A 1* D92E 23* D92G/H 7* D92V 8* D92Y8*,NA,LOF,Pathogenic,LOF,LOF,-0.610590006,,,LOF
F241S,Yes,Likely Pathogenic,Macrocephaly/autism syndrome|PTEN hamartoma tumor syndrome,Yes,5*,"CNS, Large intestine, breast and endometrium",Carcinoma and Glioma,No,NA,NA,NA,NA,NA,NA,ClinVAr - F241L-VUS/Likelypathogenic F241I/V-VUS COSMIC F241L/V 1*,NA,LOF,Pathogenic,Dominant Negative,Partial LOF,-2.399434227,,,LOF
G127R,Yes,Likely Pathogenic,PTEN hamartoma tumor syndrome|Hereditary cancer-predisposing syndrome|not provided,Yes,8*,"CNS, Upper aerodigestive tract, breast, stoamch and endometrium","Carcinoma, Germ cell tumour and Glioma",No,NA,NA,NA,NA,NA,NA,ClinVar - G127E-Likely Pathogenic G127V-VUS COSMIC - G127A-1* G127E-14* G127V-12*,NA,LOF,Pathogenic,Dominant Negative,LOF,-2.233006121,,,LOF
G36E,Yes,Conflicting interpretations of pathogenicity,Hereditary cancer-predisposing syndrome|not specified,Yes,6*,"CNS, endometrium, stomach and soft tissue","Carcinoma, Haemangioendothelioma and Glioma",No,NA,NA,NA,NA,NA,NA,ClinVar - G36R-Pathogenic COSMIC - G36R 16* G36V 5 *,NA,LOF,Pathogenic,LOF,below null,-1.797438259,,,LOF
H118P,No,NA,NA,No,NA,NA,NA,No,NA,NA,NA,NA,NA,NA,ClinVar - H118Y/R-VUS COSMIC - H118D 2* H118L 4*,NA,LOF,Pathogenic,LOF,Partial LOF,-1.593232261,,,LOF
H93R,Yes,Pathogenic,Macrocephaly/autism syndrome|PTEN hamartoma tumor syndrome,Yes,25*,"CNS, thryroid, breast, upper digestive tract, endometrium, lung, urinary tract, Biliary tract, stoamch and skin",Carcinoma and Glioma,No,NA,NA,NA,NA,NA,NA,ClinVar - H93Y/N-Likely pathogenic H93D/P-VUS  COSMIC H93D/L/P 1* H93Q 5* H93Y 10*,NA,LOF,Pathogenic,LOF,WT,0.03027781,,,LOF
I101T,Yes,Pathogenic,PTEN hamartoma tumor syndrome|Hereditary cancer-predisposing syndrome,Yes,14*,"CNS, Large intestine, Haematopoietic and lymphoid, Biliary tract and soft tissue","Carcinoma, Germ cell tumour, Sarcoma,  Lymphoid neoplasm and Glioma",No,NA,NA,NA,NA,NA,NA,ClinVar -  I101N-VUS COSMIC I101M/N 2* I101S 1* ,NA,LOF,Pathogenic,Partial LOF,Partial LOF,-3.108621337,,,Partial LOF
K6E,Yes,VUS,PTEN hamartoma tumor syndrome|Hereditary cancer-predisposing syndrome|Intellectual disability|Macrocephalus|Delayed speech and language development|Ventriculomegaly|Global developmental delay,Yes,4*,"Endometrium, stomach, CNS and prostrate",Carcinoma and Glioma,No,NA,NA,NA,NA,NA,NA,COSMIC - K6I/R 1* K6N 3* K6T 2*,NA,LOF,Pathogenic,LOF,LOF,-1.623520219,,,LOF
K6I,No,NA,NA,Yes,1*,CNS,Glioma,No,NA,NA,NA,NA,NA,NA,ClinVar- K6E-Conflicting interpretations of pathogenicity COSMIC - K6E 4* K6R 1* K6N 3* K6T*,NA,LOF,Pathogenic,LOF, ,-1.888279171,,,LOF
M134I,Yes,Two reports - Likely pathogenic and conflicting interpretations of pathogenicity,PTEN hamartoma tumor syndrome|not provided,Yes,12*,"Large intestine,  Urinary tract, Endometrium, Upper aerodigestive tract, Pancreas, Lung, Breast, Skin and Prostate",Carcinoma,No,NA,NA,NA,NA,NA,NA,ClinVar - M134R/T-Pathogenic COSMIC - M134L/R 2* M134T 1*,,LOF,Pathogenic,Dominant Negative,Partial LOF,-1.711118421,,,LOF
N276S,No,NA,NA,Yes,1*,Central nervous system,Glioma,No,NA,NA,NA,NA,NA,NA,COSMIC - N276K 5* ,NA,LOF,Pathogenic,Partial LOF,Below null,-1.068284933,,,Partial LOF
P38H,No,NA,NA,Yes,2*,Not Provided,Malignant melanoma,No,NA,NA,NA,NA,NA,NA,ClinVar - P38T/S/L-VUS P38R-Likely pathogenic COSMIC P38F/T 1* P38R 2* P38L 6* P38S 20*,NA,LOF,Pathogenic,Dominant negative,below null,-4.783403086,,,LOF
Q171E,Yes,VUS,PTEN hamartoma tumor syndrome,Yes,4*,"Endometrium, Skin and salivary gland",Carcinoma and Glioma,No,NA,NA,NA,NA,NA- Refer to additional comments,NA- Refer to additional comments,ClinVar - Q171P-VUS Q171P-Likely pathogenic COSMIC - Q171H 1* Q171K 3* Q171P 2* Q171R 8*,Clingen paper has a Q171X  which they classified as pathogenic,LOF,Pathogenic,LOF,LOF,-2.309708253,,,below null
R14G,Yes,Pathogenic,Cowden syndrome 1|PTEN hamartoma tumor syndrome|not provided,Yes,5*,"Vulva, kidney, endometrium and large intestine",Carcinoma and Lymphoid neoplasm,No,NA,NA,NA,No,NA,NA,ClinVar - R14T/K-VUS COSMIC - R14M 4* R14S 2*,NA,LOF,Pathogenic,LOF,Partial LOF,-0.710780245,,,LOF
R335X,No,NA,NA,No,NA,NA,NA,No,NA,NA,NA,NA,NA,NA,ClinVar - R335L-VUS R335Q-Pathogenic COSMIC - R335G/P 1*,It is a nonsense mutation,LOF,Pathogenic,LOF,LOF,-2.536122671,,,Partial LOF
R47W,No,NA,NA,No,NA,NA,NA,No,NA,NA,NA,NA,NA,NA,ClinVar - R47G-Pathogenic COSMIC - R47G/K 3* R47M/S2* ,NA,LOF,Pathogenic,LOF,LOF,-4.794724795,,,below null
T167N,Yes,Pathogenic,Macrocephaly/autism syndrome|PTEN hamartoma tumor syndrome,Yes,1*,Endometrium,Carcinoma,No,NA,NA,NA,NA,NA,NA,COSMIC - T167A 11* T167I/S 2* T167P 1* gnomAD T167A,NA,LOF,Pathogenic,Partial LOF,Partial LOF,-0.330359334,,,Partial LOF
V255A,No,NA,NA,Yes,2*,Liver and salivary gland,Carcinoma,No,NA,NA,NA,NA,NA,NA,ClinVar - V255E-Likely pathogenic COSMIC - V255E/G/I 1*,NA,Partial LOF,Pathogenic,LOF,Partial LOF,-1.299737196,,,Partial LOF
Y27C,Yes,Likely Pathogenic,Hereditary cancer-predisposing syndrome|Inborn genetic diseases|PTEN hamartoma tumor syndrome,Yes,9*,"CNS, endometrium, lung and ovary",Carcinoma and Glioma,No,NA,NA,NA,NA,NA,NA,ClinVar - Y27S-Pathogenic COSMIC - Y27D 9* Y27H/S 1* Y27N 7*,,LOF,Pathogenic,LOF,LOF,-1.648557963,,,LOF
Y68N,Yes,VUS,not provided,Yes,4*,Rectum,Carcinoma,No,NA,NA,NA,NA,NA,NA,ClinVar - Y68H-Pathogenic Y68S-VUS Y68S-Likely Pathogenic COSMIC - Y68C 7* Y68D 1* Y68H 22* ,,LOF,Pathogenic,Dominant Negative,below null,-4.920080583,,,LOF
Y176C,Yes,VUS,PTEN hamartoma tumor syndrome|Hereditary cancer-predisposing syndrome|not provided,Yes,2*,Breast and prostrate,Carcinoma,Yes,4,251210,1.59E-05,0,NA,NA,COSMIC - Y176F 1*,NA,LIke WT,VUS,WT,Partial LOF,-1.291488163,,WT in Drosophila eclosion ,WT
4A,No,NA,NA,No,NA,NA,NA,No,NA,NA,NA,NA,NA,NA,NA,NA,GOF,VUS,GOF,WT,NA,biochemical,,GOF
A309S,No,NA,NA,No,NA,NA,NA,No,NA,NA,NA,NA,NA,NA,NA,NA,Like WT,VUS,WT,WT,-1.23395805,,,Partial LOF
C211W,Yes,Conflicting interpretations of pathogenicity,Hereditary cancer-predisposing syndrome|PTEN hamartoma tumor syndrome|not provided,No,NA,NA,NA,No,NA,NA,NA,NA,NA,NA,COSMIC - C211Y 1*,NA,Like WT,VUS,Partial LOF,WT,-1.002649436,,,Partial LOF
E157G,Yes,Conflicting interpretations of pathogenicity,Macrocephaly/autism syndrome|PTEN hamartoma tumor syndrome,No,NA,NA,NA,Yes,1,251176,3.98E-06,0,NA,NA,COSMIC - E157K 1*,NA,Partial LOF,VUS,Partial LOF,LOF,-0.345362978,,,Partial LOF
E73K,No,NA,NA,Yes,1*,Breast,Carcinoma,No,NA,NA,NA,NA,NA,NA,COSMIC - E73V 1* E73Q 3*,NA,LIKE WT,VUS,Partial LOF,WT,0.307479742,,,WT
K322E,No,NA,NA,Yes,1*,Brain,Glioma,No,NA,NA,NA,NA,NA,NA,NA,NA,LIke WT,VUS,Partial LOF,WT,-0.166801504,,,Partial LOF
L295V,No,NA,NA,Yes,1*,Urinary tract,Carcinoma,No,NA,NA,NA,NA,NA,NA,NA,,LIke WT,VUS,WT,GOF,0.279308771,,,Partial LOF
L70V,No,NA,NA,No,NA,NA,NA,No,NA,NA,NA,NA,NA,NA,ClinVar - L70F-VUS L70P-Pathogenic COSMIC L70F5* L70H/I 2* L70P1*,,LOF,VUS,Partial LOF,Partial LOF,0.156968253,,,Partial LOF
M35V,Yes,Likely Pathogenic,Hereditary cancer-predisposing syndrome|Inborn genetic diseases|Macrocephalus|Broad thumb|Broad hallux|Arnold-Chiari malformation|Sacral lipoma|Dolichocephaly|Iris coloboma|PTEN hamartoma tumor syndrome|not provided,Yes,17*,"Large intestine, Prostate,Breast, Biliary tract, CNS, Lung, Endometrium, Liver and
Pancreas",Carcinoma and Glioma,No,NA,NA,NA,NA,Likely Pathogenic,Likely Pathogenic,ClinVar - M35T-Likely pathogenic M35R/L-Pathogenic M35I-VUS COSMIC- M35I 7* M35K/R 1* M35L 2*,NA,LOF,VUS,Dominant Negative,,-1.268664947,,,
W274L,Yes,Pathogenic,PTEN hamartoma tumor syndrome,No,NA,NA,NA,No,NA,NA,NA,NA,NA,NA,ClinVar - W274R-VUS COSMIC W274C/R/S 1* W274G 3*,NA,Partial LOF,VUS,Partial LOF,WT,-3.977000261,,,WT
Y65C,Yes,VUS,PTEN hamartoma tumor syndrome,Yes,1*,Large intestine,Carcinoma,No,NA,NA,NA,NA,NA,NA,ClinVar - Y365N-VUS COSMIC Y65D 3* Y65N 1*,,Partial LOF,VUS,Partial LOF,WT,0.178005674,,,Partial LOF
E285X,No,NA,NA,No,NA,NA,NA,No,NA,NA,NA,NA,NA,NA,ClinVar - E285K-VUS COSMIC - E285K 1*,NA,Partial LOF,,NA,NA,-3.9882228,,,NA
I101F,No,NA,NA,No,NA,NA,NA,No,NA,NA,NA,NA,NA,NA,ClinVar - I101T-Pathogenic I101N-VUS COSMIC I101M/N 2* I101S 1* I101T 14*,NA,Partial LOF,,NA,NA,-2.380877332,,,NA
I135fs,No,NA,NA,No,NA,NA,NA,No,NA,NA,NA,NA,NA,NA,ClinVar - I135V-Pathogenic I135K-Likely pathogenic COSMIC I135K 7* I135M/R 1* I135V 9*,It is a frameshift mutation,LOF,,NA,NA,-4.338810536,,,NA
L139X,No,NA,NA,No,NA,NA,NA,No,NA,NA,NA,NA,NA,NA,COSMIC - L139F 2* L139V 3* gnomAD -L139I,It is a nonsense mutation,LOF,,NA,NA,-3.946673831,,,NA
L320X,No,NA,NA,No,NA,NA,NA,No,NA,NA,NA,NA,NA,NA,COSMIC - L320S 5* L320V 1*,It is a nonsense mutation,LOF,,NA,NA,-2.233211892,,,NA
M1I,No,NA,NA,No,NA,NA,NA,No,NA,NA,NA,NA,NA,NA,NA,the first amino acid is mutated,LOF,,NA,NA,-0.679812995,,,NA
V343L,No,NA,NA,No,NA,NA,NA,No,NA,NA,NA,NA,NA,NA,ClinVar - V343M/G-VUS COSMIC - V343G 1*,NA,Partial LOF,,NA,NA,-0.077932077,,,NA
Y240X,No,NA,NA,No,NA,NA,NA,No,NA,NA,NA,NA,NA,NA,NA,It is a nonsense mutation,LOF,,NA,NA,-4.51580207,,,NA
Y68X,No,NA,NA,No,NA,NA,NA,No,NA,NA,NA,NA,NA,NA,ClinVar - Y68H-Pathogenic Y68S/n-VUS Y68S-Likely Pathogenic COSMIC - Y68C 7* Y68D 1* Y68H 22* Y68N 4*,It is a nonsense mutation,LOF,,NA,NA,-3.379984506,,,NA
no_PTEN,,,,,,,,,,,,,,,,,,,,,,biochemical,,
PTEN_WT,,,,,,,,,,,,,,,,,,,,,,biochemical,,